ID,Slide number(s),Type,Authors,Title,Source or venue,Year,DOI / arXiv / ISBN / URL,Original text from slide,Context,Completeness
R001,Buhmann slide 7,Preprint,Not available on slide,"self-supervised video models enable understanding, prediction and planning",arXiv,2025,arXiv:2506.09985,"V-JEPA-2: Meta’s “self-supervised video models enable understanding, prediction and planning” (arXiv:2506.09985)",Supports background on foundation/world models for deep learning.,Complete link
R002,Buhmann slide 9,Website,Anthropic,When AI builds itself / Recursive self-improvement,Anthropic Institute,,https://www.anthropic.com/institute/recursive-self-improvement,"“When AI builds itself“ \ Anthropic, https://www.anthropic.com/institute/recursive-self-improvement",Supports discussion of recursive self-improvement and validation of cost functions.,Complete link
R003,Buhmann slide 11,Website,Matthew S. Smith,AI Agent Designs a RISC-V CPU Core From Scratch,IEEE Spectrum,2026,,"(Matthew S. Smith, IEEE Spectrum, April 22, 2026)",Background example of AI-assisted chip design.,Missing link
R004,Buhmann slide 22,Conference paper,F. Laumer et al.; JMB,Not available on slide,PMLR,2020,,"F. Laumer et al., JMB: PMLR (2020)",Supports personalized 4D heart-model workflow.,Unclear
R005,Buhmann slide 22,Journal paper,S. Weichwald; JMB; C. Matter,Not available on slide,European Heart J.: ACC 10,2021,,"S. Weichwald, ... , JMB, C. Matter: European Heart J.: ACC 10 (2021)",Supports personalized heart-model workflow.,Unclear
R006,Buhmann slide 22,Journal paper,F. Laumer; JMB; C. Templin,Not available on slide,JAMA Cardiology,2022,,"F. Laumer, ... , JMB, C. Templin: JAMA Cardiology (2022)",Supports personalized heart-model workflow.,Unclear
R007,Buhmann slide 22,Journal paper,A. Dubatovka; JMB,Not available on slide,BME Frontiers,2022,,"A. Dubatovka, JMB: BME Frontiers (2022)",Supports personalized heart-model workflow.,Unclear
R008,Buhmann slide 22,Journal paper,F. Laumer; C. Matter; JMB,Not available on slide,Medical Image Analysis,2022,,"F. Laumer, … , C. Matter, JMB: Medical Image Analysis (2022)",Supports personalized heart-model workflow.,Unclear
R009,"Buhmann slides 31, 32",Preprint,S. Yang et al.,Not available on slide,arXiv,2023,arXiv:2303.04129v1 [cs.AI],"S Yang et al, arXiv:2303.04129v1 [cs.AI] 7 Mar 2023",Supports background on foundation models and generative AI.,Partial link
R010,Klemm slide 2,Website,Not available on slide,OpenMP HPC Summer School access form,bit.ly / AMD training,,https://bit.ly/omp-hpc-summer-school,https://bit.ly/omp-hpc-summer-school,Cluster access information for hands-on OpenMP session.,Complete link
R011,Klemm slide 5,Technical report,AMD,CDNA 4 whitepaper,AMD,,,"for more details, see the CDNA 4 whitepaper",Further reading on MI350/CDNA 4 hardware.,Missing link
R012,Klemm slide 7,Software or code repository,ROCm project,ROCm libraries,GitHub / AMD,,https://github.com/ROCm/rocm-libraries,https://github.com/ROCm/rocm-libraries,Software repository for ROCm library stack.,Complete link
R013,Klemm slide 7,Technical report,AMD,ROCm 7 release notes,ROCm documentation,,,The ROCm 7 release notes,Further reading for SDK release highlights.,Missing link
R014,Klemm slide 7,Website,AMD,ROCm 7 for AI workloads,ROCm Blogs,,,ROCm Blogs post on ROCm 7 for AI workloads,Further reading for SDK release highlights.,Missing link
R015,"Klemm slides 20, 21",Software or code repository,AMD,AMD Next-Gen Fortran compiler pre-release,repo.radeon.com,,https://repo.radeon.com/rocm/misc/flang/,https://repo.radeon.com/rocm/misc/flang/,Software link for AMD Fortran OpenMP offload compiler.,Complete link
R016,Klemm slide 21,Website,AMD,Fortran journey,ROCm Blogs,,https://rocm.blogs.amd.com/ecosystems-and-partners/fortran-journey/README.html,https://rocm.blogs.amd.com/ecosystems-and-partners/fortran-journey/README.html,Further reading on AMD Fortran compiler development.,Complete link
R017,Klemm slide 21,Software or code repository,AMD,InfinityHub-CI Fortran README,GitHub,,https://github.com/amd/InfinityHub-CI/blob/main/fortran/README.md,https://github.com/amd/InfinityHub-CI/blob/main/fortran/README.md,Repository documentation for AMD Fortran examples.,Complete link
R018,Klemm slide 39,Website,HLRS,Application Examples OpenMP Offload PDF,HLRS,,https://fs.hlrs.de/projects/par/events/2025/GPU-OPENMP-AMD/day2/03_ApplicationExamplesOpenMPOffload.pdf,https://fs.hlrs.de/projects/par/events/2025/GPU-OPENMP-AMD/day2/03_ApplicationExamplesOpenMPOffload.pdf,Further reading for application offload examples.,Complete link
R019,"Klemm slides 42, 44",Software or code repository,AMD,HPCTrainingExamples,GitHub,,https://github.com/amd/HPCTrainingExamples,git clone https://github.com/amd/HPCTrainingExamples.git; https://github.com/amd/HPCTrainingExamples/tree/main,Hands-on code repository.,Complete link
R020,Anzt slide 10,Other,John Shalf,Not available on slide,Not available on slide,,,John Shalf,Credit/source for data-movement and wire-scaling discussion.,Unclear
R021,Anzt slide 13,Website,TUM COMA,Power Grid vs Water Supply Network demo,TUM CIT,,https://coma.cit.tum.de/demos/,https://coma.cit.tum.de/demos/,Interactive background demo on grid fragility.,Complete link
R022,Anzt slides 14-17,Website,ENTSO-E,Transparency Platform,ENTSO-E,,https://transparency.entsoe.eu,https://transparency.entsoe.eu,Source for electricity generation and cross-border-flow examples.,Complete link
R023,Anzt slides 18-19,Website,Fraunhofer ISE / Energy-Charts,Electricity production and spot prices in Germany,Energy-Charts,,https://energy-charts.info/charts/price_spot_market/chart.htm?l=en&c=DE,https://energy-charts.info/charts/price_spot_market/chart.htm?l=en&c=DE,Source for energy-price and renewable-production examples.,Complete link
R024,Anzt slide 28,Website,IEA,Not available on slide,International Energy Agency,,,Source: IEA,Source for proposed solution context on datacenters as flexible load.,Missing link
R025,"Kurz slides 2, 33",Software or code repository,AMD,TinyTransformer / TinyLlama workshop example,GitHub,,https://github.com/amd/HPCTrainingExamples/tree/main/MLExamples/TinyTransformer,https://github.com/amd/HPCTrainingExamples/tree/main/MLExamples/TinyTransformer,Hands-on code for LLM performance exercises.,Complete link
R026,"Kurz slides 9, 21",Conference paper,Ashish Vaswani et al.,Attention is all you need,Advances in Neural Information Processing Systems 30,2017,,"Vaswani, Ashish, et al. ""Attention is all you need."" Advances in neural information processing systems 30 (2017).",Defines scaled dot-product attention used in transformer explanation.,Missing link
R027,Kurz slide 31,Software or code repository,ROCm,aws-ofi-rccl CXI plugin,GitHub,,https://github.com/ROCm/aws-ofi-rccl,CXI plugin (https://github.com/ROCm/aws-ofi-rccl),Communication plugin for RCCL networking.,Complete link
R028,Kurz slide 33,Website,HLRS,Self-study materials,HLRS,,https://www.hlrs.de/training/self-study-materials,https://www.hlrs.de/training/self-study-materials,Further learning resources.,Complete link
R029,Kurz slide 33,Website,HLRS / YouTube,Part 1,YouTube,,https://www.youtube.com/watch?v=4HazU3iChdM,Part 1: https://www.youtube.com/watch?v=4HazU3iChdM,Video further reading for training material.,Complete link
R030,Kurz slide 33,Website,HLRS / YouTube,Part 2,YouTube,,https://www.youtube.com/watch?v=sxBN0QwR5Ck,Part 2: https://www.youtube.com/watch?v=sxBN0QwR5Ck,Video further reading for training material.,Complete link
R031,Kurz slide 33,Website,HLRS / YouTube,Part 3,YouTube,,https://www.youtube.com/watch?v=4fxBkc4-opY,Part 3: https://www.youtube.com/watch?v=4fxBkc4-opY,Video further reading for training material.,Complete link
R032,Kurz slide 33,Website,HLRS / YouTube,Part 4,YouTube,,https://www.youtube.com/watch?v=9U51n2xZw54,Part 4: https://www.youtube.com/watch?v=9U51n2xZw54,Video further reading for training material.,Complete link
R033,Dessole slide 4,Website,CERN,ROOT data analysis framework,ROOT / CERN,,https://root.cern/,ROOT: https://root.cern/,Software framework background for HEP analysis.,Complete link
R034,Dessole slide 4,Other,ATLAS Experiment/CERN,H→ZZ→4l invariant mass figure,ATLAS Experiment/CERN,,,Image: ATLAS Experiment/CERN,Figure credit for Higgs boson analysis plot.,Missing link
R035,Ltaief slides 8-13,Conference paper,N. Doucet; HL; D. Gratadour; D. Keyes,Mixed-Precision Tomographic Reconstructor Computations on Hardware Accelerators,IEEE/ACM SC19 IA3 Workshop,,,"N. Doucet, HL, D. Gratadour and D. Keyes, Mixed-Precision Tomographic Reconstructor Computations on Hardware Accelerators, IEEE/ACM SC19 IA3 Workshop.",Supports adaptive optics mixed-precision example.,Missing link
R036,Ltaief slides 8-13,Conference paper,HL; D. Sukkari; O. Guyon; D. Keyes,Extreme Computing for Extreme Adaptive Optics: The Key to Finding Life Outside our Solar System,ACM PASC18,,,"HL, D. Sukkari, O. Guyon, and D. Keyes, Extreme Computing for Extreme Adaptive Optics: The Key to Finding Life Outside our Solar System, ACM PASC18.",Supports adaptive optics application motivation.,Missing link
R037,Ltaief slides 8-13,Other,HL; J. Cranney; D. Gratadour; Y. Hong; L. Gatineau; D. Keyes,Meeting the real-time challenges of ground-based telescopes using low-rank matrix computations,Not available on slide,,,"HL, J. Cranney, D. Gratadour, Y. Hong, L. Gatineau, and D. Keyes, Meeting the real-time challenges of ground-based telescopes using low-rank matrix computations,",Supports low-rank methods for telescope control.,Unclear
R038,Ltaief slide 14,Conference paper,S. Tomov; R. Nath; HL; J. Dongarra,Dense linear algebra solvers for multicore with GPU accelerators,IEEE IPDPS,2010,,"S. Tomov, R. Nath, HL and J. Dongarra, Dense linear algebra solvers for multicore with GPU accelerators, IEEE IPDPS, 2010.",Background for GPU dense linear algebra.,Missing link
R039,"Ltaief slides 14, 36",Journal paper,N. Higham; T. Mary,Mixed Precision Algorithms in Numerical Linear Algebra,Acta Numerica,2022,,"N. Higham and T. Mary, Mixed Precision Algorithms in Numerical Linear Algebra, Acta Numerica, 2022.",Foundational background on mixed-precision algorithms.,Missing link
R040,Ltaief slide 14,Journal paper,HL; M. Genton; D. Gratadour; D. Keyes; M. Ravasi,Responsibly Reckless Matrix Algorithms for HPC Scientific Applications,Computing in Science & Engineering,2022,,"HL, M. Genton, D. Gratadour, D. Keyes and M. Ravasi, Responsibly Reckless Matrix Algorithms for HPC Scientific Applications, Computing in Science & Engineering, 2022.",Supports adaptive precision philosophy.,Missing link
R041,Ltaief slide 15,Software or code repository,HiCMA / PaRSEC team,HiCMA Powered by PaRSEC,SC25,2025,,HiCMA Powered by PaRSEC: Released at SC25,Software release for hierarchical mixed-precision computations.,Missing link
R042,Ltaief slide 20,Software or code repository,University of Tennessee ICL,PaRSEC runtime system,ICL / UTK,,https://icl.utk.edu/parsec/,https://icl.utk.edu/parsec/,Runtime system supporting task-based execution.,Complete link
R043,Ltaief slide 22,Conference paper,R. Alomairy; S. Abdulah; Q. Cao; M. G. Genton; D. E. Keyes; HL,Sustainably Modeling a Sustainable Future Climate,IEEE HPEC,2025,,"Sustainably Modeling a Sustainable Future Climate, R. Alomairy, S. Abdulah, Q. Cao, M. G. Genton, D. E. Keyes, HL, IEEE HPEC, 2025.",Supports energy and time results for climate modeling.,Missing link
R044,Ltaief slide 31,Conference paper,G. Chávez; Y. Liu; P. Ghysels; X. S. Li; E. Rebrova,Scalable and Memory-Efficient Kernel Ridge Regression,IEEE IPDPS,2020,,"G. Chávez, Y. Liu, P. Ghysels, X. S. Li and E. Rebrova, Scalable and Memory-Efficient Kernel Ridge Regression, IEEE IPDPS, 2020.",Supports kernel ridge regression and epistasis example.,Missing link
R045,Ltaief slide 39,Journal paper,Jack Dongarra; David Keyes,The co-evolution of computational physics and high-performance computing,Nature Reviews Physics,2024,,"Dongarra, Jack, and David Keyes. ""The co-evolution of computational physics and high-performance computing."" Nature Reviews Physics (2024).",Supports performance-gap discussion for memory and interconnect.,Missing link
R046,Ltaief slide 4,Other,H. Bayraktar; NVIDIA,FP/TF/INT performance of 5 generations of NVIDIA GPUs,NVIDIA,,,"Slide courtesy H. Bayraktar, NVIDIA",Figure credit for GPU precision-performance chart.,Missing link
R047,Goetz slide 29,Conference paper,Thorsten Kurth; Shashank Subramanian; Peter Harrington; Jaideep Pathak; Morteza Mardani; David Hall; Andrea Miele; Karthik Kashinath; Anima Anandkumar,Fourcastnet: Accelerating global high-resolution weather forecasting using adaptive fourier neural operators,Proceedings of the Platform for Advanced Scientific Computing Conference,2023,,"Thorsten Kurth, Shashank Subramanian, Peter Harrington, Jaideep Pathak, Morteza Mardani, David Hall, Andrea Miele, Karthik Kashinath, and Anima Anandkumar. “Fourcastnet: Accelerating global high-resolution weather forecasting using adaptive fourier neural operators”. In: Proceedings of the platform for advanced scientific computing conference. 2023, pp. 1–11.",Reference for neural surrogate example.,Missing link
R048,Goetz slide 29,Journal paper,Josh Abramson; Jonas Adler; Jack Dunger; Richard Evans; Tim Green; Alexander Pritzel; Olaf Ronneberger; Lindsay Willmore; Andrew J Ballard; Joshua Bambrick; et al.,Accurate structure prediction of biomolecular interactions with AlphaFold 3,Nature 630.8016,2024,,"Josh Abramson, Jonas Adler, Jack Dunger, Richard Evans, Tim Green, Alexander Pritzel, Olaf Ronneberger, Lindsay Willmore, Andrew J Ballard, Joshua Bambrick, et al. “Accurate structure prediction of biomolecular interactions with AlphaFold 3”. In: Nature 630.8016 (2024), pp. 493–500.",Reference for AI surrogate models in science.,Missing link
R049,Goetz slide 29,Journal paper,Hendrik F Hamann; Blazhe Gjorgiev; Thomas Brunschwiler; Leonardo SA Martins; Alban Puech; Anna Varbella; Jonas Weiss; Juan Bernabe-Moreno; Alexandre Blondin Massé; Seong Lok Choi; et al.,Foundation models for the electric power grid,Joule 8.12,2024,,"Hendrik F Hamann, Blazhe Gjorgiev, Thomas Brunschwiler, Leonardo SA Martins, Alban Puech, Anna Varbella, Jonas Weiss, Juan Bernabe-Moreno, Alexandre Blondin Massé, Seong Lok Choi, et al. “Foundation models for the electric power grid”. In: Joule 8.12 (2024), pp. 3245–3258.",Reference for foundation models in power systems.,Missing link
R050,Goetz slide 29,Conference paper,Samuel Schoenholz; Ekin Dogus Cubuk,Jax md: a framework for differentiable physics,Advances in Neural Information Processing Systems 33,2020,,"Samuel Schoenholz and Ekin Dogus Cubuk. “Jax md: a framework for differentiable physics”. In: Advances in Neural Information Processing Systems 33 (2020), pp. 11428–11441.",Reference for differentiable physics framework.,Missing link
R051,Goetz slide 29,Preprint,Yuanming Hu; Luke Anderson; Tzu-Mao Li; Qi Sun; Nathan Carr; Jonathan Ragan-Kelley; Frédo Durand,DiffTaichi: Differentiable Programming for Physical Simulation,arXiv,2020,DOI: 10.48550/arXiv.1910.00935; arXiv:1910.00935 [cs.LG],"Yuanming Hu, Luke Anderson, Tzu-Mao Li, Qi Sun, Nathan Carr, Jonathan Ragan-Kelley, and Frédo Durand. DiffTaichi: Differentiable Programming for Physical Simulation. 2020. DOI: 10.48550/arXiv.1910.00935. arXiv: 1910.00935 [cs.LG].",Reference for differentiable programming implementation.,Complete link
R052,Goetz slide 29,Journal paper,Max Pargmann; Jan Ebert; Markus Götz; Daniel Maldonado Quinto; Robert Pitz-Paal; Stefan Kesselheim,Automatic heliostat learning for in situ concentrating solar power plant metrology with differentiable ray tracing,Nature Communications 15.1,2024,DOI: 10.1038/s41467-024-51019-z,"Max Pargmann, Jan Ebert, Markus Götz, Daniel Maldonado Quinto, Robert Pitz-Paal, and Stefan Kesselheim. “Automatic heliostat learning for in situ concentrating solar power plant metrology with differentiable ray tracing”. In: Nature Communications 15.1 (2024), p. 6997. DOI: 10.1038/s41467-024-51019-z.",Main differentiable ray-tracing application.,Complete link
R053,Goetz slide 30,Conference paper,Adam Paszke; Sam Gross; Francisco Massa; Adam Lerer; et al.,"PyTorch: An Imperative Style, High-Performance Deep Learning Library","Advances in Neural Information Processing Systems 32; Curran Associates, Inc.",2019,http://papers.neurips.cc/paper/9015-pytorch-an-imperative-style-high-performance-deep-learning-library.pdf,"Adam Paszke, Sam Gross, Francisco Massa, Adam Lerer, et al. “PyTorch: An Imperative Style, High-Performance Deep Learning Library”. In: Advances in Neural Information Processing Systems 32. Curran Associates, Inc., 2019, pp. 8024–8035. URL: http://papers.neurips.cc/paper/9015-pytorch-an-imperative-style-high-performance-deep-learning-library.pdf.",Software framework reference.,Complete link
R054,Goetz slide 30,Software or code repository,James Bradbury; Roy Frostig; Peter Hawkins; Matthew James Johnson; Yash Katariya; Chris Leary; Dougal Maclaurin; George Necula; Adam Paszke; Jake VanderPlas; Skye Wanderman-Milne; Qiao Zhang,JAX: composable transformations of Python+NumPy programs,GitHub,2018,http://github.com/jax-ml/jax,"James Bradbury, Roy Frostig, Peter Hawkins, Matthew James Johnson, Yash Katariya, Chris Leary, Dougal Maclaurin, George Necula, Adam Paszke, Jake VanderPlas, Skye Wanderman-Milne, and Qiao Zhang. JAX: composable transformations of Python+NumPy programs. Version 0.3.13. 2018. URL: http://github.com/jax-ml/jax.",Software framework reference.,Complete link
R055,Goetz slide 30,Software or code repository,Martin Abadi; Ashish Agarwal; Paul Barham; et al.,TensorFlow: Large-Scale Machine Learning on Heterogeneous Systems,tensorflow.org,2015,http://tensorflow.org/,"Martin Abadi, Ashish Agarwal, Paul Barham, et al. TensorFlow: Large-Scale Machine Learning on Heterogeneous Systems. Software available from tensorflow.org, [accessed at 2021-08-04]. 2015. URL: http://tensorflow.org/.",Software framework reference.,Complete link
R056,Goetz slide 30,Preprint,N. Thuerey; B. Holzschuh; P. Holl; G. Kohl; M. Lino; Q. Liu; P. Schnell; F. Trost,Physics-based Deep Learning,arXiv,2025,DOI: 10.48550/arXiv.2109.05237; arXiv:2109.05237 [cs.LG],"N. Thuerey, B. Holzschuh, P. Holl, G. Kohl, M. Lino, Q. Liu, P. Schnell, and F. Trost. Physics-based Deep Learning. 2025. DOI: 10.48550/arXiv.2109.05237. arXiv: 2109.05237 [cs.LG].",Further reading on physics-based deep learning.,Complete link
R057,Goetz slide 30,Journal paper,Rhys Newbury; Jack Collins; Kerry He; Jiahe Pan; Ingmar Posner; David Howard; Akansel Cosgun,A review of differentiable simulators,IEEE Access 12,2024,,"Rhys Newbury, Jack Collins, Kerry He, Jiahe Pan, Ingmar Posner, David Howard, and Akansel Cosgun. “A review of differentiable simulators”. In: IEEE Access 12 (2024), pp. 97581–97604.",Survey reference for differentiable simulators.,Missing link
R058,Domke slide 19,Technical report,Albert Reuther et al.,Survey of Machine Learning Accelerators,Not available on slide,2020,,"Albert Reuther, et al. “Survey of Machine Learning Accelerators”, 2020",Background figure/source for accelerator design space.,Missing link
R059,Domke slide 24,Website,Pinterest / image source,Image source for octopus figure,Pinterest,,www.pinterest.fr/pin/145170787976811341/,Source: www.pinterest.fr/pin/145170787976811341/,Image credit for Octopodes analogy.,Partial link
R060,Domke slide 24,Journal paper,S. Matsuoka; J. Domke; M. Wahib; A. Drozd; A. Chien; R. Bair; J. S. Vetter; J. Shalf,Preparing for the Future – Rethinking Proxy Applications,Computing in Science & Engineering,,,"S. Matsuoka, J. Domke, M. Wahib, A. Drozd, A. Chien, R. Bair, J. S. Vetter, J. Shalf ""Preparing for the Future –Rethinking Proxy Applications"" in Computing in Science & Engineering",Supports benchmarking and co-design discussion.,Missing link
R061,"Domke slides 32, 70, 71",Other,M. Moses et al.,High-Performance GPU-to-CPU Transpilation and Optimization via High-Level Parallel Constructs,Not available on slide,,,"M. Moses et al. ""High-Performance GPU-to-CPU Transpilation and Optimization via High-Level Parallel Constructs”",Supports MocCUDA / GPU-to-CPU transpilation discussion.,Unclear
R062,Domke slide 45,Website,NVIDIA,Demystifying AI inference deployments for trillion-parameter large language models,NVIDIA Developer Blog,,https://developer.nvidia.com/blog/demystifying-ai-inference-deployments-for-trillion-parameter-large-language-models/,NVIDIA: https://developer.nvidia.com/blog/demystifying-ai-inference-deployments-for-trillion-parameter-large-language-models/,Background on AI inference deployments.,Complete link
R063,Domke slide 45,Conference paper,V. Volkov,First GEMM on GPU at SC08,SC08,2008,,2008: First GEMM on GPU at SC’08 by V. Volkov,Historical reference for GPU GEMM.,Unclear
R064,Domke slide 57,Other,T. Hoefler et al.,Sparsity in Deep Learning: Pruning …,Not available on slide,,,"T. Hoefler et al. ""Sparsity in Deep Learning: Pruning …”",Supports argument for sparsity in AI.,Unclear
R065,Domke slide 57,Other,J. White (ORNL),Is MPI the New *CCL?,Talk by J. White (ORNL),,,"Talk by J. White(ORNL): ""Is MPI the New *CCL?”",Supports discussion of MPI and AI collectives.,Unclear
R066,"Domke slides 64, 65",Other,J. Domke et al.,Matrix Engines for High Performance Computing: A Paragon of Performance or Grasping at Straws?,Not available on slide,,,"J. Domke et al. ""Matrix Engines for High Performance Computing: A Paragon of Performance or Grasping at Straws?""",Supports GEMM utilization analysis in HPC.,Unclear
R067,"Domke slides 66, 67",Conference paper,Not available on slide,Not available on slide,ACM,,https://dl.acm.org/doi/10.1145/3624062.3624135,Paper: dl.acm.org/doi/10.1145/3624062.3624135,Supports collaborative continuous benchmarking.,Partial link
R068,"Domke slides 66, 67",Software or code repository,LLNL / Benchpark project,Benchpark,GitHub,,https://github.com/LLNL/benchpark,Repo: github.com/LLNL/benchpark,Code repository for continuous benchmarking.,Partial link
R069,"Domke slides 68, 69",Software or code repository,Meta,PyTorch,FugakuNEXT Software Matrix,,https://pytorch.org,https://pytorch.org,Listed as AI/HPC software ecosystem component: PyTorch.,Complete link
R070,"Domke slides 68, 69",Software or code repository,Google,TensorFlow,FugakuNEXT Software Matrix,,https://www.tensorflow.org,https://www.tensorflow.org,Listed as AI/HPC software ecosystem component: TensorFlow.,Complete link
R071,"Domke slides 68, 69",Software or code repository,Apache Foundation,Apache MXNet,FugakuNEXT Software Matrix,,https://mxnet.apache.org/,https://mxnet.apache.org/,Listed as AI/HPC software ecosystem component: Apache MXNet.,Complete link
R072,"Domke slides 68, 69",Software or code repository,PaddlePaddle,PaddlePaddle,FugakuNEXT Software Matrix,,https://github.com/PaddlePaddle/Paddle,https://github.com/PaddlePaddle/Paddle,Listed as AI/HPC software ecosystem component: PaddlePaddle.,Complete link
R073,"Domke slides 68, 69",Website,Sony,NNABLA,FugakuNEXT Software Matrix,,https://nnabla.org,https://nnabla.org,Listed as AI/HPC software ecosystem component: NNABLA.,Complete link
R074,"Domke slides 68, 69",Software or code repository,Anyscale Inc.,RAY,FugakuNEXT Software Matrix,,https://www.ray.io,https://www.ray.io,Listed as AI/HPC software ecosystem component: RAY.,Complete link
R075,"Domke slides 68, 69",Software or code repository,Google,JAX,FugakuNEXT Software Matrix,,https://jax.readthedocs.io/en/latest/#,https://jax.readthedocs.io/en/latest/#,Listed as AI/HPC software ecosystem component: JAX.,Complete link
R076,"Domke slides 68, 69",Website,Colossal-AI,Colossal-AI,FugakuNEXT Software Matrix,,https://colossalai.org,https://colossalai.org,Listed as AI/HPC software ecosystem component: Colossal-AI.,Complete link
R077,"Domke slides 68, 69",Software or code repository,Google,Keras (TF),FugakuNEXT Software Matrix,,https://keras.io,https://keras.io,Listed as AI/HPC software ecosystem component: Keras (TF).,Complete link
R078,"Domke slides 68, 69",Website,Gluon,Gluon (MXNet),FugakuNEXT Software Matrix,,https://auto.gluon.ai/stable/index.html,https://auto.gluon.ai/stable/index.html,Listed as AI/HPC software ecosystem component: Gluon (MXNet).,Complete link
R079,"Domke slides 68, 69",Software or code repository,fast.ai,fastai,FugakuNEXT Software Matrix,,https://github.com/fastai/fastai,https://github.com/fastai/fastai,Listed as AI/HPC software ecosystem component: fastai.,Complete link
R080,"Domke slides 68, 69",Software or code repository,DGL,DGL,FugakuNEXT Software Matrix,,https://www.dgl.ai,https://www.dgl.ai,Listed as AI/HPC software ecosystem component: DGL.,Complete link
R081,"Domke slides 68, 69",Software or code repository,Lightning AI,Lightning,FugakuNEXT Software Matrix,,https://lightning.ai,https://lightning.ai,Listed as AI/HPC software ecosystem component: Lightning.,Complete link
R082,"Domke slides 68, 69",Software or code repository,Microsoft,DeepSpeed,FugakuNEXT Software Matrix,,https://www.deepspeed.ai,https://www.deepspeed.ai,Listed as AI/HPC software ecosystem component: DeepSpeed.,Complete link
R083,"Domke slides 68, 69",Software or code repository,Meta,PyTorch Geometric,FugakuNEXT Software Matrix,,https://pytorch-geometric.readthedocs.io,https://pytorch-geometric.readthedocs.io,Listed as AI/HPC software ecosystem component: PyTorch Geometric.,Complete link
R084,"Domke slides 68, 69",Software or code repository,DeepMind,Sonnet,FugakuNEXT Software Matrix,,https://sonnet.readthedocs.io/en/latest/#,https://sonnet.readthedocs.io/en/latest/#,Listed as AI/HPC software ecosystem component: Sonnet.,Complete link
R085,"Domke slides 68, 69",Software or code repository,Uber,Horovod,FugakuNEXT Software Matrix,,https://horovod.readthedocs.io/en/stable/,https://horovod.readthedocs.io/en/stable/,Listed as AI/HPC software ecosystem component: Horovod.,Complete link
R086,"Domke slides 68, 69",Website,NVIDIA,NCCL,FugakuNEXT Software Matrix,,https://developer.nvidia.com/nccl,https://developer.nvidia.com/nccl,Listed as AI/HPC software ecosystem component: NCCL.,Complete link
R087,"Domke slides 68, 69",Website,AMD,RCCL,FugakuNEXT Software Matrix,,https://rocm.docs.amd.com/projects/rccl/en/latest/,https://rocm.docs.amd.com/projects/rccl/en/latest/,Listed as AI/HPC software ecosystem component: RCCL.,Complete link
R088,"Domke slides 68, 69",Website,NVIDIA,cuDNN,FugakuNEXT Software Matrix,,https://developer.nvidia.com/cudnn,https://developer.nvidia.com/cudnn,Listed as AI/HPC software ecosystem component: cuDNN.,Complete link
R089,"Domke slides 68, 69",Software or code repository,Intel,oneDNN,FugakuNEXT Software Matrix,,https://oneapi-src.github.io/oneDNN/group_dnnl_api.html,https://oneapi-src.github.io/oneDNN/group_dnnl_api.html,Listed as AI/HPC software ecosystem component: oneDNN.,Complete link
R090,"Domke slides 68, 69",Software or code repository,AMD,hipDNN/MIOpen,FugakuNEXT Software Matrix,,https://github.com/ROCmSoftwarePlatform/hipDNN,https://github.com/ROCmSoftwarePlatform/hipDNN,Listed as AI/HPC software ecosystem component: hipDNN/MIOpen.,Complete link
R091,"Domke slides 68, 69",Software or code repository,LIBXSMM,LIBXSMM,FugakuNEXT Software Matrix,,https://libxsmm.readthedocs.io,https://libxsmm.readthedocs.io,Listed as AI/HPC software ecosystem component: LIBXSMM.,Complete link
R092,"Domke slides 68, 69",Software or code repository,Preferred Networks,CUPy,FugakuNEXT Software Matrix,,https://cupy.dev,https://cupy.dev,Listed as AI/HPC software ecosystem component: CUPy.,Complete link
R093,"Domke slides 68, 69",Software or code repository,Hugging Face,Hugging Face,FugakuNEXT Software Matrix,,https://huggingface.co,https://huggingface.co,Listed as AI/HPC software ecosystem component: Hugging Face.,Complete link
R094,"Domke slides 68, 69",Software or code repository,Google,Keras Applications,FugakuNEXT Software Matrix,,https://keras.io/api/applications/,https://keras.io/api/applications/,Listed as AI/HPC software ecosystem component: Keras Applications.,Complete link
R095,"Domke slides 68, 69",Software or code repository,Meta/Microsoft,ONNX,FugakuNEXT Software Matrix,,https://onnx.ai,https://onnx.ai,Listed as AI/HPC software ecosystem component: ONNX.,Complete link
R096,"Domke slides 68, 69",Website,Intel,SigOpt,FugakuNEXT Software Matrix,,https://sigopt.com,https://sigopt.com,Listed as AI/HPC software ecosystem component: SigOpt.,Complete link
R097,"Domke slides 68, 69",Website,Determined AI,Determined AI,FugakuNEXT Software Matrix,,https://www.determined.ai,https://www.determined.ai,Listed as AI/HPC software ecosystem component: Determined AI.,Complete link
R098,"Domke slides 68, 69",Software or code repository,Preferred Networks,Optuna,FugakuNEXT Software Matrix,,https://optuna.org,https://optuna.org,Listed as AI/HPC software ecosystem component: Optuna.,Complete link
R099,"Domke slides 68, 69",Software or code repository,Apache Foundation,Apache TVM,FugakuNEXT Software Matrix,,https://tvm.apache.org,https://tvm.apache.org,Listed as AI/HPC software ecosystem component: Apache TVM.,Complete link
R100,"Domke slides 68, 69",Website,Comet ML Inc.,Comet,FugakuNEXT Software Matrix,,https://www.comet.com/site/,https://www.comet.com/site/,Listed as AI/HPC software ecosystem component: Comet.,Complete link
R101,"Domke slides 68, 69",Website,Neptune Labs,Neptune,FugakuNEXT Software Matrix,,https://neptune.ai,https://neptune.ai,Listed as AI/HPC software ecosystem component: Neptune.,Complete link
R102,"Domke slides 68, 69",Software or code repository,MLflow Project,MLflow,FugakuNEXT Software Matrix,,https://mlflow.org,https://mlflow.org,Listed as AI/HPC software ecosystem component: MLflow.,Complete link
R103,"Domke slides 68, 69",Software or code repository,Google,TensorBoard,FugakuNEXT Software Matrix,,https://www.tensorflow.org/tensorboard,https://www.tensorflow.org/tensorboard,Listed as AI/HPC software ecosystem component: TensorBoard.,Complete link
R104,"Domke slides 68, 69",Software or code repository,IDSIA,sacred,FugakuNEXT Software Matrix,,https://github.com/IDSIA/sacred,https://github.com/IDSIA/sacred,Listed as AI/HPC software ecosystem component: sacred.,Complete link
R105,"Domke slides 68, 69",Software or code repository,Weights & Biases,Weights & Biases,FugakuNEXT Software Matrix,,https://wandb.ai/,https://wandb.ai/,Listed as AI/HPC software ecosystem component: Weights & Biases.,Complete link
R106,"Domke slides 68, 69",Software or code repository,Slurm,Slurm,FugakuNEXT Software Matrix,,https://slurm.schedmd.com/documentation.html,https://slurm.schedmd.com/documentation.html,Listed as AI/HPC software ecosystem component: Slurm.,Complete link
R107,Domke slide 75,Other,Tal Ben-Nun; Anshu Dubey; Mohamed Wahib; Erik Draeger,Unifying Framework to Enable Artificial Intelligence in HPC Workflows,Not available on slide,,,"Tal Ben-Nun, Anshu Dubey, Mohamed Wahib, Erik Draeger “Unifying Framework to Enable Artificial Intelligence in HPC Workflows”",Supports design-space discussion for HPC/AI hybrid workflows.,Unclear
R108,Domke slide 98,Website,Satoshi Matsuoka; Jens Domke,Life after Fugaku: What Have We Learned and How Do We Proceed as the End of Moore’s Law Approaches?,SIAM News,,,"Satoshi Matsuoka and Jens Domke ""Life after Fugaku: What Have We Learned and How Do We Proceed as the End of Moore’s Law Approaches?“ in SIAM News",Background on future heterogeneous HPC design.,Missing link
R109,Domke slide 111,Website,RIKEN / R-CCS / HPCI / YouTube,RIKEN R-CCS labs and positions,Website,,www.riken.jp/en/research/labs/r-ccs/,www.riken.jp/en/research/labs/r-ccs/,"Jobs, collaboration, tour, and compute-access information.",Partial link
R110,Domke slide 111,Website,Not available on slide,RCCS jobs short link,Website,,tinyurl.com/RCCSjobs,tinyurl.com/RCCSjobs,"Jobs, collaboration, tour, and compute-access information.",Partial link
R111,Domke slide 111,Website,Not available on slide,SPR Team job short link,Website,,tinyurl.com/SPRTjob1,tinyurl.com/SPRTjob1,"Jobs, collaboration, tour, and compute-access information.",Partial link
R112,Domke slide 111,Website,RIKEN / R-CCS / HPCI / YouTube,RIKEN fellowship programs,Website,,www.riken.jp/en/careers/programs/index.html,www.riken.jp/en/careers/programs/index.html,"Jobs, collaboration, tour, and compute-access information.",Partial link
R113,Domke slide 111,Website,RIKEN / R-CCS / HPCI / YouTube,R-CCS internship,Website,,www.r-ccs.riken.jp/en/about/careers/internship/,www.r-ccs.riken.jp/en/about/careers/internship/,"Jobs, collaboration, tour, and compute-access information.",Partial link
R114,Domke slide 111,Website,RIKEN / R-CCS / HPCI / YouTube,Fugaku 3D models / virtual tour,Website,,www.r-ccs.riken.jp/en/fugaku/3d-models/,www.r-ccs.riken.jp/en/fugaku/3d-models/,"Jobs, collaboration, tour, and compute-access information.",Partial link
R115,Domke slide 111,Website,RIKEN / R-CCS / HPCI / YouTube,Fugaku YouTube tour,Website,,www.youtube.com/watch?v=f3cx4PGDGmg,www.youtube.com/watch?v=f3cx4PGDGmg,"Jobs, collaboration, tour, and compute-access information.",Partial link
R116,Domke slide 111,Website,RIKEN / R-CCS / HPCI / YouTube,Fugaku user guide,Website,,www.r-ccs.riken.jp/en/fugaku/user-guide/,www.r-ccs.riken.jp/en/fugaku/user-guide/,"Jobs, collaboration, tour, and compute-access information.",Partial link
R117,Domke slide 111,Website,RIKEN / R-CCS / HPCI / YouTube,HPCI Fugaku trial proposal submission,Website,,www.hpci-office.jp/en/using_hpci/proposal_submission_current/fugaku_trial,www.hpci-office.jp/en/using_hpci/proposal_submission_current/fugaku_trial,"Jobs, collaboration, tour, and compute-access information.",Partial link
R118,Aumueller-Malheiros slide 12,Website,Vistle project,Vistle documentation,Vistle,,https://vistle.io/,Documentation: https://vistle.io/,Documentation for visualization software.,Complete link
R119,Aumueller-Malheiros slide 12,Website,Not available on slide,Vistle Part I: An Introduction to Immersive Visualizations of Large-Scale Scientific Data,Webinar recording,,,Webinar recording: “Vistle Part I: An Introduction to Immersive Visualizations of Large-Scale Scientific Data”,Further reading/video.,Missing link
R120,Aumueller-Malheiros slide 12,Website,Not available on slide,3rd CEEC Community Workshop – Hands-On Vistle Part II,Hands-on workshop recording,,,Hands-on workshop recording: “3rd CEEC Community Workshop – Hands-On Vistle Part II”,Further reading/video.,Missing link
R121,Nicolai slide 11,Technical report,International Energy Agency,World Energy Outlook 2023,IEA,2023,,[1] IEA 2023; World Energy Outlook 2023; INTERNATIONAL ENERGY AGENCY – WORLD ENERGY OUTLOOK 2023,Supports energy-transition context.,Missing link
R122,Nicolai slide 12,Website,Bosch,Press release,Bosch,2023,,[1] Bosch (2023) Press release 28.03.2023,Industrial hydrogen-combustion background.,Missing link
R123,Nicolai slide 12,Website,Rolls-Royce plc.,Press release,Rolls-Royce plc.,2022,,"[2] Rolls-Royce plc. (2022), Press release, 28.11.2022",Industrial hydrogen-combustion background.,Missing link
R124,Nicolai slide 12,Website,Siemens Energy,Press release,Siemens Energy,2023,,"[3] Siemens Energy (2023) Press release, 05.2023",Industrial hydrogen-combustion background.,Missing link
R125,Nicolai slide 13,Website,E&E News,xAI Memphis turbines,E&E News,,,[1] E&E News — xAI Memphis turbines,Supports discussion of datacenter on-site turbines.,Missing link
R126,Nicolai slide 13,Website,Power Engineering,Meta onsite gas turbines,Power Engineering,,,[2] Power Engineering — Meta onsite gas turbines,Supports discussion of datacenter on-site turbines.,Missing link
R127,Nicolai slide 13,Website,Power Magazine,data centers turning to gas generators,Power Magazine,,,[3] Power Magazine — data centers turning to gas generators,Supports discussion of datacenter on-site turbines.,Missing link
R128,Nicolai slide 13,Website,Kroll,gas turbines and the data center surge,Kroll,,,[4] Kroll — gas turbines and the data center surge,Supports discussion of datacenter power demand.,Missing link
R129,Nicolai slide 13,Other,Southern Environmental Law Center,Thermal image of xAI facility turbines,Southern Environmental Law Center,2025,,Courtesy Southern Environmental Law Center,Image credit for xAI facility turbine photo.,Missing link
R130,Nicolai slide 14,Journal paper,Berger et al.,Not available on slide,Proceedings of the Combustion Institute 37,2019,,Berger et al. (2019). Proc. Combust. Inst. 37,Supports thermodiffusive instability discussion.,Unclear
R131,Nicolai slide 15,Journal paper,Berger et al.,Not available on slide,Proceedings of the Combustion Institute 40,2024,,Berger et al. (2024). Proc Combust Inst 40.,Supports parametric DNS variation discussion.,Unclear
R132,Nicolai slide 16,Journal paper,Shi,Not available on slide,Combustion and Flame,2024,,"Shi, Combust. Flame (2024)",Compares experiment and DNS.,Unclear
R133,"Nicolai slides 22, 23",Dataset,TOP500,TOP500 list,TOP500.org,2025,www.top500.org,"www.top500.org, Nov 2025; [1] www.top500.org",Source for GPU adoption/top-supercomputer statistics.,Partial link
R134,Nicolai slide 24,Conference paper,McCalpin,SC16 invited talk,SC16,2016,,[1] McCalpin (2016). SC16 Invited Talk.,Supports system balance asymmetry discussion.,Missing link
R135,Nicolai slide 25,Website,NVIDIA,NVIDIA product information,NVIDIA,,www.nvidia.com,www.nvidia.com,Hardware specification source.,Partial link
R136,Nicolai slide 25,Website,AMD,AMD product information,AMD,,www.amd.com,www.amd.com,Hardware specification source.,Partial link
R137,Nicolai slide 29,Journal paper,Paul Fischer et al.,"NekRS, a GPU-accelerated spectral element Navier–Stokes solver",Parallel Computing 114,2022,,"Fischer, Paul, et al. ""NekRS, a GPU-accelerated spectral element Navier–Stokes solver."" Parallel Computing 114 (2022): 102982.",Supports nekRS flow solver.,Missing link
R138,Nicolai slide 29,Preprint,David S. Medina; Amik St-Cyr; Tim Warburton,OCCA: A unified approach to multi-threading languages,arXiv,2014,arXiv:1403.0968,"Medina, David S., Amik St-Cyr, and Tim Warburton. ""OCCA: A unified approach to multi-threading languages."" arXiv preprint arXiv:1403.0968 (2014).",Supports OCCA backend portability.,Complete link
R139,Nicolai slide 33,Preprint,Stefan Kerkemeier et al.,nekCRF: A next generation high-order reactive low Mach flow solver for direct numerical simulations,arXiv,2024,arXiv:2409.06404,"Kerkemeier, Stefan, et al. ""nekCRF: A next generation high-order reactive low Mach flow solver for direct numerical simulations."" arXiv preprint arXiv:2409.06404 (2024).",Main nekCRF solver reference.,Complete link
R140,Nicolai slide 33,Journal paper,Hendrik Nicolai et al.,Laminar and turbulent hydrogen-enriched methane flames: Interaction of thermodiffusive instabilities and local fuel demixing,Proceedings of the Combustion Institute 41,2025,,"Nicolai, Hendrik, et al. ""Laminar and turbulent hydrogen-enriched methane flames: Interaction of thermodiffusive instabilities and local fuel demixing."" Proceedings of the Combustion Institute 41 (2025): 105885..",Application result for hydrogen-enriched methane flames.,Missing link
R141,Nicolai slide 44,Software or code repository,Ascent project,Ascent documentation,Read the Docs,,https://ascent.readthedocs.io/en/latest/,[1] https://ascent.readthedocs.io/en/latest/,Software used for in situ visualization/rendering.,Complete link
R142,Engels slide 4,Other,Ziemen,Not available on slide,Not available on slide,,,Ziemen,Image/slide credit for high-resolution motivation.,Unclear
R143,"Engels slides 6, 7",Other,Daniel Klocke,Not available on slide,Not available on slide,,,Based on a slide by Daniel Klocke,Slide credit for Earth-system coupling and throughput concepts.,Unclear
R144,Engels slide 8,Other,Lee and Hohenegger,Not available on slide,Not available on slide,,,Lee and Hohenegger,Source credit for land water-carbon link example.,Unclear
R145,Engels slide 9,Website,ICON Partnership,ICON model,ICON,,https://icon-model.org,https://icon-model.org,Software/model website for ICON.,Complete link
R146,Engels slide 10,Technical report,DWD / ICON tutorial authors,ICON tutorial 2025,DWD,2025,DOI: 10.5676/DWD_pub/nwv/icon_tutorial2025,DOI: 10.5676/DWD pub/nwv/icon tutorial2025,DOI for ICON tutorial source.,Complete link
R147,"Engels slides 10, 17, 18, 20, 23",Other,Klocke et al.,Not available on slide,Not available on slide,,,Klocke et al.,Source credit for ICON internals and production-at-scale slides.,Unclear
R148,Engels slides 12-15,Other,Plehn et al.,Not available on slide,Not available on slide,,,Plehn et al.,Source credit for architecture/heterogeneity results.,Unclear
R149,Engels slide 19,Conference paper,Ben-Nun; de Fine Licht; Ziogas; Schneider; Hoefler,Stateful Dataflow Multigraphs: A Data-Centric Model for High-Performance Parallel Programs,SC19,,,"Ben-Nun, de Fine Licht, Ziogas, Schneider, Hoefler: Stateful Dataflow Multigraphs: A Data-Centric Model for High-Performance Parallel Programs, SC19",Supports DaCe/SDFG performance metaprogramming.,Missing link
R150,Engels slide 26,Journal paper,Not available on slide,Not available on slide,Geoscientific Model Development,2022,https://doi.org/10.5194/gmd-15-9157-2022,"https://doi.org/10.5194/gmd-15-9157-2022, CC BY 4.0",Source for ocean model/mesh material under CC BY.,Complete link
R151,Engels slide 30,Other,D. Klocke; C. Frauen; J. F. Engels; D. Alexeev; R. Redler; R. Schnur; H. Haak; L. Kornblueh; N. Brüggemann; F. Chegini; M. Römmer; L. Hoffmann; S. Griessbach; M. Bode; J. Coles; M. Gila; W. Sawyer; A. Calotoiu; Y. Budanaz; P. Mazumder; M. Copik; B. Weber; A. Herten; H. Bockelmann; T. Hoefler; C. Hohenegger; B. Stevens,Computing the Full Earth System at 1km Resolution,Not available on slide,,,"D. Klocke, C. Frauen, J. F. Engels, D. Alexeev, R. Redler, R. Schnur, H. Haak, L. Kornblueh, N. Brüggemann, F. Chegini, M. Römmer, L. Hoffmann, S. Griessbach, M. Bode, J. Coles, M. Gila, W. Sawyer, A. Calotoiu, Y. Budanaz, P. Mazumder, M. Copik, B. Weber, A. Herten, H. Bockelmann, T. Hoefler, C. Hohenegger, and B. Stevens. – Computing the Full Earth System at 1km Resolution",Research work cited in closing slide.,Unclear
R152,Engels slide 30,Other,J. Plehn; C. von Elm; P. Giesselmann; C. Clauss; H. Bockelmann; R. Schöne; J. F. Engels,Improving Energy Efficiency and Performance of Weather and Climate Simulations by Leveraging the Heterogeneity of Modern Systems,Not available on slide,,,"J. Plehn, C. von Elm, P. Giesselmann, C. Clauss, H. Bockelmann, R. Schöne, and J. F. Engels – Improving Energy Efficiency and Performance of Weather and Climate Simulations by Leveraging the Heterogeneity of Modern Systems",Research work cited in closing slide.,Unclear
R153,"Klemm slides 1, 15, 23",Standard or specification,OpenMP Architecture Review Board,OpenMP API,OpenMP ARB,,,Hands-on Session on the OpenMP® API; OpenMP® can be used to run your code on GPUs; OpenMP 4.0 supports accelerators/coprocessors,Standardized programming model used for CPU and GPU offload.,Missing link
R154,Domke slide 68,Standard or specification,UXL Foundation / SYCL community,SYCL language,SYCL specification,,,"*1 “SYCL” exclusively to refer to the language, and “DPC++” to refer to Intel’s compiler",Programming-language standard referenced in software matrix.,Missing link
R155,Domke slide 68,Standard or specification,UXL Foundation,oneDPL specification,UXL Foundation,,,"*2: oneDPL, oneDNN, Level Zero and oneMKL are all UXL Foundation specifications.",Specification listed for accelerator software stack.,Missing link
R156,Domke slide 68,Standard or specification,UXL Foundation,oneDNN specification,UXL Foundation,,https://oneapi-src.github.io/oneDNN/group_dnnl_api.html,"*2: oneDPL, oneDNN, Level Zero and oneMKL are all UXL Foundation specifications.",Specification/library listed for backend primitives.,Complete link
R157,Domke slide 68,Standard or specification,UXL Foundation,Level Zero specification,UXL Foundation,,,"*2: oneDPL, oneDNN, Level Zero and oneMKL are all UXL Foundation specifications.",Specification listed for accelerator runtime/backend.,Missing link
R158,Domke slide 68,Standard or specification,UXL Foundation,oneMKL specification,UXL Foundation,,,"*2: oneDPL, oneDNN, Level Zero and oneMKL are all UXL Foundation specifications.",Specification listed for math library backend.,Missing link
R159,Domke slide 68,Standard or specification,ISO,ISO Fortran,ISO,,,ISO Fortran,Programming-language standard listed in software matrix.,Missing link
R160,Domke slide 68,Standard or specification,ISO,ISO C++ / std::execution,ISO,,,ISO C++ (std::execution),Programming-language standard listed in software matrix.,Missing link
